Date,DJI,SPC,President,Party
1/1/1920,1331.07,,Warren G. Harding,Republican
2/1/1920,1152.70,,Warren G. Harding,Republican
3/1/1920,1286.56,,Warren G. Harding,Republican
4/1/1920,1135.95,,Warren G. Harding,Republican
5/1/1920,1098.69,,Warren G. Harding,Republican
6/1/1920,1070.51,,Warren G. Harding,Republican
7/1/1920,1029.35,,Warren G. Harding,Republican
8/1/1920,1046.33,,Warren G. Harding,Republican
9/1/1920,1022.44,,Warren G. Harding,Republican
10/1/1920,1053.97,,Warren G. Harding,Republican
11/1/1920,946.77,,Warren G. Harding,Republican
12/1/1920,914.27,,Warren G. Harding,Republican
1/1/1921,987.79,,Warren G. Harding,Republican
2/1/1921,1004.58,,Warren G. Harding,Republican
3/1/1921,1020.56,,Warren G. Harding,Republican
4/1/1921,1070.12,,Warren G. Harding,Republican
5/1/1921,1022.87,,Warren G. Harding,Republican
6/1/1921,958.78,,Warren G. Harding,Republican
7/1/1921,952.26,,Warren G. Harding,Republican
8/1/1921,934.71,,Warren G. Harding,Republican
9/1/1921,1001.30,,Warren G. Harding,Republican
10/1/1921,1031.31,,Warren G. Harding,Republican
11/1/1921,1095.19,,Warren G. Harding,Republican
12/1/1921,1151.40,,Warren G. Harding,Republican
1/1/1922,1185.92,,Warren G. Harding,Republican
2/1/1922,1246.61,,Warren G. Harding,Republican
3/1/1922,1314.56,,Warren G. Harding,Republican
4/1/1922,1357.07,,Warren G. Harding,Republican
5/1/1922,1417.59,,Warren G. Harding,Republican
6/1/1922,1371.83,,Warren G. Harding,Republican
7/1/1922,1424.11,,Warren G. Harding,Republican
8/1/1922,1496.68,,Warren G. Harding,Republican
9/1/1922,1442.33,,Warren G. Harding,Republican
10/1/1922,1418.78,,Warren G. Harding,Republican
11/1/1922,1388.89,,Warren G. Harding,Republican
12/1/1922,1432.01,,Warren G. Harding,Republican
1/1/1923,1429.69,,Calvin Coolidge,Republican
2/1/1923,1524.63,,Calvin Coolidge,Republican
3/1/1923,1508.05,,Calvin Coolidge,Republican
4/1/1923,1435.07,,Calvin Coolidge,Republican
5/1/1923,1422.67,,Calvin Coolidge,Republican
6/1/1923,1281.89,,Calvin Coolidge,Republican
7/1/1923,1245.68,,Calvin Coolidge,Republican
8/1/1923,1347.41,,Calvin Coolidge,Republican
9/1/1923,1260.87,,Calvin Coolidge,Republican
10/1/1923,1261.55,,Calvin Coolidge,Republican
11/1/1923,1315.85,,Calvin Coolidge,Republican
12/1/1923,1361.16,,Calvin Coolidge,Republican
1/1/1924,1434.41,,Calvin Coolidge,Republican
2/1/1924,1400.19,,Calvin Coolidge,Republican
3/1/1924,1330.40,,Calvin Coolidge,Republican
4/1/1924,1314.23,,Calvin Coolidge,Republican
5/1/1924,1303.64,,Calvin Coolidge,Republican
6/1/1924,1397.46,,Calvin Coolidge,Republican
7/1/1924,1472.55,,Calvin Coolidge,Republican
8/1/1924,1510.13,,Calvin Coolidge,Republican
9/1/1924,1487.26,,Calvin Coolidge,Republican
10/1/1924,1491.49,,Calvin Coolidge,Republican
11/1/1924,1592.40,,Calvin Coolidge,Republican
12/1/1924,1717.27,,Calvin Coolidge,Republican
1/1/1925,1759.73,,Calvin Coolidge,Republican
2/1/1925,1752.07,,Calvin Coolidge,Republican
3/1/1925,1663.69,,Calvin Coolidge,Republican
4/1/1925,1720.10,,Calvin Coolidge,Republican
5/1/1925,1851.79,,Calvin Coolidge,Republican
6/1/1925,1845.54,,Calvin Coolidge,Republican
7/1/1925,1863.71,,Calvin Coolidge,Republican
8/1/1925,1966.36,,Calvin Coolidge,Republican
9/1/1925,1998.11,,Calvin Coolidge,Republican
10/1/1925,2167.89,,Calvin Coolidge,Republican
11/1/1925,2069.19,,Calvin Coolidge,Republican
12/1/1925,2080.67,,Calvin Coolidge,Republican
1/1/1926,2167.02,,Calvin Coolidge,Republican
2/1/1926,2130.25,,Calvin Coolidge,Republican
3/1/1926,1945.37,,Calvin Coolidge,Republican
4/1/1926,1979.17,,Calvin Coolidge,Republican
5/1/1926,1986.51,,Calvin Coolidge,Republican
6/1/1926,2131.54,,Calvin Coolidge,Republican
7/1/1926,2256.46,,Calvin Coolidge,Republican
8/1/1926,2302.44,,Calvin Coolidge,Republican
9/1/1926,2228.42,,Calvin Coolidge,Republican
10/1/1926,2111.70,,Calvin Coolidge,Republican
11/1/1926,2180.43,,Calvin Coolidge,Republican
12/1/1926,2189.48,,Calvin Coolidge,Republican
1/1/1927,2203.35,,Calvin Coolidge,Republican
2/1/1927,2294.65,,Calvin Coolidge,Republican
3/1/1927,2281.14,,Calvin Coolidge,Republican
4/1/1927,2346.12,,Calvin Coolidge,Republican
5/1/1927,2450.50,,Calvin Coolidge,Republican
6/1/1927,2328.38,,Calvin Coolidge,Republican
7/1/1927,2584.95,,Calvin Coolidge,Republican
8/1/1927,2720.26,,Calvin Coolidge,Republican
9/1/1927,2815.66,,Calvin Coolidge,Republican
10/1/1927,2574.75,,Calvin Coolidge,Republican
11/1/1927,2824.49,,Calvin Coolidge,Republican
12/1/1927,2859.98,251.66,Calvin Coolidge,Republican
1/1/1928,2829.91,250.37,Calvin Coolidge,Republican
2/1/1928,2808.14,248.84,Calvin Coolidge,Republican
3/1/1928,3091.73,277.96,Calvin Coolidge,Republican
4/1/1928,3051.07,284.74,Calvin Coolidge,Republican
5/1/1928,3150.54,286.66,Calvin Coolidge,Republican
6/1/1928,3032.90,275.94,Calvin Coolidge,Republican
7/1/1928,3114.07,280.12,Calvin Coolidge,Republican
8/1/1928,3465.99,300.88,Calvin Coolidge,Republican
9/1/1928,3382.67,301.25,Calvin Coolidge,Republican
10/1/1928,3614.21,310.74,Calvin Coolidge,Republican
11/1/1928,4205.02,348.01,Calvin Coolidge,Republican
12/1/1928,4325.10,351.05,Calvin Coolidge,Republican
1/1/1929,4577.54,371.09,Herbert Hoover,Republican
2/1/1929,4576.10,368.93,Herbert Hoover,Republican
3/1/1929,4478.63,370.21,Herbert Hoover,Republican
4/1/1929,4657.48,378.39,Herbert Hoover,Republican
5/1/1929,4312.74,360.06,Herbert Hoover,Republican
6/1/1929,4812.25,395.17,Herbert Hoover,Republican
7/1/1929,4954.73,411.54,Herbert Hoover,Republican
8/1/1929,5419.70,451.87,Herbert Hoover,Republican
9/1/1929,4894.16,429.78,Herbert Hoover,Republican
10/1/1929,3897.52,344.14,Herbert Hoover,Republican
11/1/1929,3405.04,298.11,Herbert Hoover,Republican
12/1/1929,3561.46,307.44,Herbert Hoover,Republican
1/1/1930,3851.36,328.56,Herbert Hoover,Republican
2/1/1930,3931.37,337.58,Herbert Hoover,Republican
3/1/1930,4173.34,352.28,Herbert Hoover,Republican
4/1/1930,4049.11,361.07,Herbert Hoover,Republican
5/1/1930,4012.45,357.24,Herbert Hoover,Republican
6/1/1930,3321.31,300.23,Herbert Hoover,Republican
7/1/1930,3474.99,314.99,Herbert Hoover,Republican
8/1/1930,3592.12,319.29,Herbert Hoover,Republican
9/1/1930,3042.97,276.08,Herbert Hoover,Republican
10/1/1930,2739.43,253.10,Herbert Hoover,Republican
11/1/1930,2756.72,249.08,Herbert Hoover,Republican
12/1/1930,2520.05,234.89,Herbert Hoover,Republican
1/1/1931,2597.86,249.48,Herbert Hoover,Republican
2/1/1931,2978.04,281.54,Herbert Hoover,Republican
3/1/1931,2723.81,263.75,Herbert Hoover,Republican
4/1/1931,2404.68,240.01,Herbert Hoover,Republican
5/1/1931,2069.88,209.79,Herbert Hoover,Republican
6/1/1931,2451.84,242.11,Herbert Hoover,Republican
7/1/1931,2210.38,224.16,Herbert Hoover,Republican
8/1/1931,2276.01,226.28,Herbert Hoover,Republican
9/1/1931,1587.79,159.58,Herbert Hoover,Republican
10/1/1931,1744.34,174.22,Herbert Hoover,Republican
11/1/1931,1574.20,159.32,Herbert Hoover,Republican
12/1/1931,1315.34,137.11,Herbert Hoover,Republican
1/1/1932,1313.44,136.02,Herbert Hoover,Republican
2/1/1932,1423.90,144.94,Herbert Hoover,Republican
3/1/1932,1290.39,128.72,Herbert Hoover,Republican
4/1/1932,995.17,103.40,Herbert Hoover,Republican
5/1/1932,805.05,80.43,Herbert Hoover,Republican
6/1/1932,776.56,80.30,Herbert Hoover,Republican
7/1/1932,983.57,110.57,Herbert Hoover,Republican
8/1/1932,1335.97,153.21,Herbert Hoover,Republican
9/1/1932,1316.49,148.65,Herbert Hoover,Republican
10/1/1932,1147.38,129.01,Herbert Hoover,Republican
11/1/1932,1052.39,122.33,Herbert Hoover,Republican
12/1/1932,1127.82,129.66,Herbert Hoover,Republican
1/1/1933,1163.80,132.62,Franklin D. Roosevelt,Democratic
2/1/1933,997.53,109.87,Franklin D. Roosevelt,Democratic
3/1/1933,1083.90,114.46,Franklin D. Roosevelt,Democratic
4/1/1933,1519.42,162.78,Franklin D. Roosevelt,Democratic
5/1/1933,1723.87,188.61,Franklin D. Roosevelt,Democratic
6/1/1933,1905.00,211.77,Franklin D. Roosevelt,Democratic
7/1/1933,1708.20,187.25,Franklin D. Roosevelt,Democratic
8/1/1933,1912.61,207.12,Franklin D. Roosevelt,Democratic
9/1/1933,1770.86,183.59,Franklin D. Roosevelt,Democratic
10/1/1933,1646.48,167.34,Franklin D. Roosevelt,Democratic
11/1/1933,1832.86,184.52,Franklin D. Roosevelt,Democratic
12/1/1933,1865.73,188.63,Franklin D. Roosevelt,Democratic
1/1/1934,2002.44,208.61,Franklin D. Roosevelt,Democratic
2/1/1934,1917.73,199.45,Franklin D. Roosevelt,Democratic
3/1/1934,1887.89,199.26,Franklin D. Roosevelt,Democratic
4/1/1934,1862.68,193.89,Franklin D. Roosevelt,Democratic
5/1/1934,1742.38,178.13,Franklin D. Roosevelt,Democratic
6/1/1934,1760.96,180.47,Franklin D. Roosevelt,Democratic
7/1/1934,1619.86,159.69,Franklin D. Roosevelt,Democratic
8/1/1934,1708.35,168.33,Franklin D. Roosevelt,Democratic
9/1/1934,1679.10,164.96,Franklin D. Roosevelt,Democratic
10/1/1934,1704.85,160.88,Franklin D. Roosevelt,Democratic
11/1/1934,1879.79,174.21,Franklin D. Roosevelt,Democratic
12/1/1934,1914.02,174.77,Franklin D. Roosevelt,Democratic
1/1/1935,1843.33,164.96,Franklin D. Roosevelt,Democratic
2/1/1935,1842.23,157.27,Franklin D. Roosevelt,Democratic
3/1/1935,1813.98,152.41,Franklin D. Roosevelt,Democratic
4/1/1935,1955.21,165.78,Franklin D. Roosevelt,Democratic
5/1/1935,1976.47,171.14,Franklin D. Roosevelt,Democratic
6/1/1935,2127.07,184.08,Franklin D. Roosevelt,Democratic
7/1/1935,2271.38,199.37,Franklin D. Roosevelt,Democratic
8/1/1935,2301.25,203.69,Franklin D. Roosevelt,Democratic
9/1/1935,2373.77,208.55,Franklin D. Roosevelt,Democratic
10/1/1935,2514.48,224.21,Franklin D. Roosevelt,Democratic
11/1/1935,2542.94,231.34,Franklin D. Roosevelt,Democratic
12/1/1935,2574.74,239.91,Franklin D. Roosevelt,Democratic
1/1/1936,2670.49,255.63,Franklin D. Roosevelt,Democratic
2/1/1936,2718.01,259.92,Franklin D. Roosevelt,Democratic
3/1/1936,2813.18,268.47,Franklin D. Roosevelt,Democratic
4/1/1936,2621.19,247.78,Franklin D. Roosevelt,Democratic
5/1/1936,2746.60,259.11,Franklin D. Roosevelt,Democratic
6/1/1936,2816.97,265.10,Franklin D. Roosevelt,Democratic
7/1/1936,2923.96,281.12,Franklin D. Roosevelt,Democratic
8/1/1936,2928.20,281.57,Franklin D. Roosevelt,Democratic
9/1/1936,2955.14,281.92,Franklin D. Roosevelt,Democratic
10/1/1936,3120.14,303.05,Franklin D. Roosevelt,Democratic
11/1/1936,3226.32,304.28,Franklin D. Roosevelt,Democratic
12/1/1936,3167.86,302.52,Franklin D. Roosevelt,Democratic
1/1/1937,3247.48,311.74,Franklin D. Roosevelt,Democratic
2/1/1937,3274.75,316.29,Franklin D. Roosevelt,Democratic
3/1/1937,3236.26,311.11,Franklin D. Roosevelt,Democratic
4/1/1937,3004.24,283.24,Franklin D. Roosevelt,Democratic
5/1/1937,2991.04,278.37,Franklin D. Roosevelt,Democratic
6/1/1937,2898.76,263.65,Franklin D. Roosevelt,Democratic
7/1/1937,3155.74,288.69,Franklin D. Roosevelt,Democratic
8/1/1937,3016.32,272.71,Franklin D. Roosevelt,Democratic
9/1/1937,2609.91,232.34,Franklin D. Roosevelt,Democratic
10/1/1937,2333.00,208.70,Franklin D. Roosevelt,Democratic
11/1/1937,2099.41,188.89,Franklin D. Roosevelt,Democratic
12/1/1937,2068.95,180.62,Franklin D. Roosevelt,Democratic
1/1/1938,2115.79,185.59,Franklin D. Roosevelt,Democratic
2/1/1938,2266.63,198.27,Franklin D. Roosevelt,Democratic
3/1/1938,1730.04,148.61,Franklin D. Roosevelt,Democratic
4/1/1938,1931.93,168.40,Franklin D. Roosevelt,Democratic
5/1/1938,1883.73,162.08,Franklin D. Roosevelt,Democratic
6/1/1938,2340.76,202.12,Franklin D. Roosevelt,Democratic
7/1/1938,2469.62,216.80,Franklin D. Roosevelt,Democratic
8/1/1938,2435.00,210.86,Franklin D. Roosevelt,Democratic
9/1/1938,2473.11,214.00,Franklin D. Roosevelt,Democratic
10/1/1938,2671.81,231.91,Franklin D. Roosevelt,Democratic
11/1/1938,2638.18,224.16,Franklin D. Roosevelt,Democratic
12/1/1938,2725.17,232.61,Franklin D. Roosevelt,Democratic
1/1/1939,2531.47,216.59,Franklin D. Roosevelt,Democratic
2/1/1939,2612.51,225.25,Franklin D. Roosevelt,Democratic
3/1/1939,2338.31,194.74,Franklin D. Roosevelt,Democratic
4/1/1939,2294.63,195.07,Franklin D. Roosevelt,Democratic
5/1/1939,2468.45,207.22,Franklin D. Roosevelt,Democratic
6/1/1939,2333.57,194.00,Franklin D. Roosevelt,Democratic
7/1/1939,2559.20,215.08,Franklin D. Roosevelt,Democratic
8/1/1939,2401.10,199.72,Franklin D. Roosevelt,Democratic
9/1/1939,2667.01,227.64,Franklin D. Roosevelt,Democratic
10/1/1939,2674.45,225.92,Franklin D. Roosevelt,Democratic
11/1/1939,2565.46,214.83,Franklin D. Roosevelt,Democratic
12/1/1939,2645.58,219.94,Franklin D. Roosevelt,Democratic
1/1/1940,2577.57,213.72,Franklin D. Roosevelt,Democratic
2/1/1940,2580.42,213.60,Franklin D. Roosevelt,Democratic
3/1/1940,2605.25,215.71,Franklin D. Roosevelt,Democratic
4/1/1940,2613.70,214.65,Franklin D. Roosevelt,Democratic
5/1/1940,2046.52,163.24,Franklin D. Roosevelt,Democratic
6/1/1940,2130.78,174.49,Franklin D. Roosevelt,Democratic
7/1/1940,2221.20,181.20,Franklin D. Roosevelt,Democratic
8/1/1940,2278.96,185.95,Franklin D. Roosevelt,Democratic
9/1/1940,2335.66,187.71,Franklin D. Roosevelt,Democratic
10/1/1940,2370.35,195.11,Franklin D. Roosevelt,Democratic
11/1/1940,2306.78,186.83,Franklin D. Roosevelt,Democratic
12/1/1940,2292.68,184.98,Franklin D. Roosevelt,Democratic
1/1/1941,2170.29,176.06,Franklin D. Roosevelt,Democratic
2/1/1941,2132.52,173.44,Franklin D. Roosevelt,Democratic
3/1/1941,2130.54,172.92,Franklin D. Roosevelt,Democratic
4/1/1941,1991.79,160.50,Franklin D. Roosevelt,Democratic
5/1/1941,1981.81,160.07,Franklin D. Roosevelt,Democratic
6/1/1941,2065.06,165.18,Franklin D. Roosevelt,Democratic
7/1/1941,2159.81,174.24,Franklin D. Roosevelt,Democratic
8/1/1941,2112.80,170.41,Franklin D. Roosevelt,Democratic
9/1/1941,2070.46,166.53,Franklin D. Roosevelt,Democratic
10/1/1941,1898.43,153.07,Franklin D. Roosevelt,Democratic
11/1/1941,1828.59,145.67,Franklin D. Roosevelt,Democratic
12/1/1941,1764.82,138.21,Franklin D. Roosevelt,Democratic
1/1/1942,1713.25,138.33,Franklin D. Roosevelt,Democratic
2/1/1942,1666.24,134.03,Franklin D. Roosevelt,Democratic
3/1/1942,1533.56,123.42,Franklin D. Roosevelt,Democratic
4/1/1942,1460.00,117.29,Franklin D. Roosevelt,Democratic
5/1/1942,1525.71,123.26,Franklin D. Roosevelt,Democratic
6/1/1942,1562.91,125.53,Franklin D. Roosevelt,Democratic
7/1/1942,1589.18,128.67,Franklin D. Roosevelt,Democratic
8/1/1942,1588.68,128.79,Franklin D. Roosevelt,Democratic
9/1/1942,1630.21,132.23,Franklin D. Roosevelt,Democratic
10/1/1942,1683.90,139.06,Franklin D. Roosevelt,Democratic
11/1/1942,1680.17,136.32,Franklin D. Roosevelt,Democratic
12/1/1942,1741.69,142.51,Franklin D. Roosevelt,Democratic
1/1/1943,1831.84,152.73,Franklin D. Roosevelt,Democratic
2/1/1943,1897.91,160.46,Franklin D. Roosevelt,Democratic
3/1/1943,1957.46,165.98,Franklin D. Roosevelt,Democratic
4/1/1943,1919.48,164.21,Franklin D. Roosevelt,Democratic
5/1/1943,2001.20,170.59,Franklin D. Roosevelt,Democratic
6/1/1943,2019.79,173.97,Franklin D. Roosevelt,Democratic
7/1/1943,1926.14,165.48,Franklin D. Roosevelt,Democratic
8/1/1943,1946.84,168.15,Franklin D. Roosevelt,Democratic
9/1/1943,1985.22,171.15,Franklin D. Roosevelt,Democratic
10/1/1943,1959.01,168.88,Franklin D. Roosevelt,Democratic
11/1/1943,1835.75,156.13,Franklin D. Roosevelt,Democratic
12/1/1943,1925.29,165.34,Franklin D. Roosevelt,Democratic
1/1/1944,1946.68,167.89,Franklin D. Roosevelt,Democratic
2/1/1944,1931.10,167.47,Franklin D. Roosevelt,Democratic
3/1/1944,1967.09,170.30,Franklin D. Roosevelt,Democratic
4/1/1944,1919.07,167.21,Franklin D. Roosevelt,Democratic
5/1/1944,2003.73,173.97,Franklin D. Roosevelt,Democratic
6/1/1944,2078.36,181.81,Franklin D. Roosevelt,Democratic
7/1/1944,2035.02,177.02,Franklin D. Roosevelt,Democratic
8/1/1944,2047.28,178.56,Franklin D. Roosevelt,Democratic
9/1/1944,2043.66,178.00,Franklin D. Roosevelt,Democratic
10/1/1944,2040.87,178.00,Franklin D. Roosevelt,Democratic
11/1/1944,2052.01,178.70,Franklin D. Roosevelt,Democratic
12/1/1944,2109.63,183.93,Franklin D. Roosevelt,Democratic
1/1/1945,2128.33,186.56,Harry S. Truman,Democratic
2/1/1945,2221.54,198.06,Harry S. Truman,Democratic
3/1/1945,2138.58,188.91,Harry S. Truman,Democratic
4/1/1945,2291.34,205.53,Harry S. Truman,Democratic
5/1/1945,2317.83,206.72,Harry S. Truman,Democratic
6/1/1945,2251.25,203.76,Harry S. Truman,Democratic
7/1/1945,2218.43,199.67,Harry S. Truman,Democratic
8/1/1945,2373.83,211.25,Harry S. Truman,Democratic
9/1/1945,2474.89,220.10,Harry S. Truman,Democratic
10/1/1945,2541.49,226.77,Harry S. Truman,Democratic
11/1/1945,2607.69,234.13,Harry S. Truman,Democratic
12/1/1945,2612.97,235.14,Harry S. Truman,Democratic
1/1/1946,2772.26,251.53,Harry S. Truman,Democratic
2/1/1946,2589.03,235.35,Harry S. Truman,Democratic
3/1/1946,2690.83,243.56,Harry S. Truman,Democratic
4/1/1946,2770.30,251.35,Harry S. Truman,Democratic
5/1/1946,2828.84,255.59,Harry S. Truman,Democratic
6/1/1946,2710.69,242.96,Harry S. Truman,Democratic
7/1/1946,2509.62,223.62,Harry S. Truman,Democratic
8/1/1946,2308.87,203.20,Harry S. Truman,Democratic
9/1/1946,2083.70,180.79,Harry S. Truman,Democratic
10/1/1946,2004.77,175.88,Harry S. Truman,Democratic
11/1/1946,1965.27,169.79,Harry S. Truman,Democratic
12/1/1946,2031.78,175.43,Harry S. Truman,Democratic
1/1/1947,2068.93,179.56,Harry S. Truman,Democratic
2/1/1947,2051.27,176.92,Harry S. Truman,Democratic
3/1/1947,1994.74,170.77,Harry S. Truman,Democratic
4/1/1947,1920.89,164.13,Harry S. Truman,Democratic
5/1/1947,1905.25,162.66,Harry S. Truman,Democratic
6/1/1947,1986.82,170.44,Harry S. Truman,Democratic
7/1/1947,2034.21,175.01,Harry S. Truman,Democratic
8/1/1947,1959.66,167.86,Harry S. Truman,Democratic
9/1/1947,1902.34,161.95,Harry S. Truman,Democratic
10/1/1947,1948.64,165.38,Harry S. Truman,Democratic
11/1/1947,1914.56,159.97,Harry S. Truman,Democratic
12/1/1947,1908.52,161.19,Harry S. Truman,Democratic
1/1/1948,1820.87,152.81,Harry S. Truman,Democratic
2/1/1948,1754.98,146.86,Harry S. Truman,Democratic
3/1/1948,1866.80,158.87,Harry S. Truman,Democratic
4/1/1948,1869.72,160.34,Harry S. Truman,Democratic
5/1/1948,1967.48,172.16,Harry S. Truman,Democratic
6/1/1948,1937.99,171.23,Harry S. Truman,Democratic
7/1/1948,1831.98,160.13,Harry S. Truman,Democratic
8/1/1948,1828.37,160.69,Harry S. Truman,Democratic
9/1/1948,1794.05,155.86,Harry S. Truman,Democratic
10/1/1948,1905.63,167.10,Harry S. Truman,Democratic
11/1/1948,1744.01,150.26,Harry S. Truman,Democratic
12/1/1948,1813.60,155.48,Harry S. Truman,Democratic
1/1/1949,1839.92,156.34,Harry S. Truman,Democratic
2/1/1949,1792.56,151.43,Harry S. Truman,Democratic
3/1/1949,1834.40,155.99,Harry S. Truman,Democratic
4/1/1949,1796.46,152.04,Harry S. Truman,Democratic
5/1/1949,1743.87,146.98,Harry S. Truman,Democratic
6/1/1949,1726.94,146.06,Harry S. Truman,Democratic
7/1/1949,1829.92,156.45,Harry S. Truman,Democratic
8/1/1949,1850.56,157.65,Harry S. Truman,Democratic
9/1/1949,1882.59,160.71,Harry S. Truman,Democratic
10/1/1949,1971.60,166.85,Harry S. Truman,Democratic
11/1/1949,1984.07,166.35,Harry S. Truman,Democratic
12/1/1949,2090.56,175.07,Harry S. Truman,Democratic
1/1/1950,2116.78,178.85,Harry S. Truman,Democratic
2/1/1950,2134.09,180.64,Harry S. Truman,Democratic
3/1/1950,2152.40,180.61,Harry S. Truman,Democratic
4/1/1950,2238.89,188.76,Harry S. Truman,Democratic
5/1/1950,2324.01,195.35,Harry S. Truman,Democratic
6/1/1950,2165.96,183.23,Harry S. Truman,Democratic
7/1/1950,2141.95,182.49,Harry S. Truman,Democratic
8/1/1950,2200.15,186.87,Harry S. Truman,Democratic
9/1/1950,2286.92,196.50,Harry S. Truman,Democratic
10/1/1950,2254.83,195.71,Harry S. Truman,Democratic
11/1/1950,2271.68,194.73,Harry S. Truman,Democratic
12/1/1950,2321.38,201.26,Harry S. Truman,Democratic
1/1/1951,2415.14,210.23,Harry S. Truman,Democratic
2/1/1951,2417.66,209.11,Harry S. Truman,Democratic
3/1/1951,2369.07,204.48,Harry S. Truman,Democratic
4/1/1951,2475.99,214.32,Harry S. Truman,Democratic
5/1/1951,2376.17,204.83,Harry S. Truman,Democratic
6/1/1951,2309.45,199.50,Harry S. Truman,Democratic
7/1/1951,2454.31,213.20,Harry S. Truman,Democratic
8/1/1951,2572.24,221.58,Harry S. Truman,Democratic
9/1/1951,2561.11,219.69,Harry S. Truman,Democratic
10/1/1951,2468.45,215.84,Harry S. Truman,Democratic
11/1/1951,2439.74,213.65,Harry S. Truman,Democratic
12/1/1951,2504.65,221.13,Harry S. Truman,Democratic
1/1/1952,2518.23,224.57,Harry S. Truman,Democratic
2/1/1952,2437.99,218.04,Harry S. Truman,Democratic
3/1/1952,2525.92,228.44,Harry S. Truman,Democratic
4/1/1952,2405.75,217.76,Harry S. Truman,Democratic
5/1/1952,2455.33,222.80,Harry S. Truman,Democratic
6/1/1952,2551.44,232.20,Harry S. Truman,Democratic
7/1/1952,2581.18,234.52,Harry S. Truman,Democratic
8/1/1952,2539.44,231.10,Harry S. Truman,Democratic
9/1/1952,2498.54,226.58,Harry S. Truman,Democratic
10/1/1952,2485.80,226.39,Harry S. Truman,Democratic
11/1/1952,2619.03,236.92,Harry S. Truman,Democratic
12/1/1952,2695.11,245.32,Harry S. Truman,Democratic
1/1/1953,2685.59,244.49,Dwight D. Eisenhower,Republican
2/1/1953,2644.56,240.95,Dwight D. Eisenhower,Republican
3/1/1953,2593.84,234.39,Dwight D. Eisenhower,Republican
4/1/1953,2546.38,228.18,Dwight D. Eisenhower,Republican
5/1/1953,2513.96,226.58,Dwight D. Eisenhower,Republican
6/1/1953,2467.72,222.06,Dwight D. Eisenhower,Republican
7/1/1953,2533.22,227.68,Dwight D. Eisenhower,Republican
8/1/1953,2393.82,213.70,Dwight D. Eisenhower,Republican
9/1/1953,2419.66,213.98,Dwight D. Eisenhower,Republican
10/1/1953,2518.42,224.07,Dwight D. Eisenhower,Republican
11/1/1953,2578.47,226.90,Dwight D. Eisenhower,Republican
12/1/1953,2574.17,227.36,Dwight D. Eisenhower,Republican
1/1/1954,2679.46,239.00,Dwight D. Eisenhower,Republican
2/1/1954,2699.16,239.64,Dwight D. Eisenhower,Republican
3/1/1954,2781.37,246.88,Dwight D. Eisenhower,Republican
4/1/1954,2937.52,259.96,Dwight D. Eisenhower,Republican
5/1/1954,3001.12,267.50,Dwight D. Eisenhower,Republican
6/1/1954,3056.47,267.68,Dwight D. Eisenhower,Republican
7/1/1954,3188.34,282.98,Dwight D. Eisenhower,Republican
8/1/1954,3077.27,273.36,Dwight D. Eisenhower,Republican
9/1/1954,3315.87,297.22,Dwight D. Eisenhower,Republican
10/1/1954,3239.34,291.42,Dwight D. Eisenhower,Republican
11/1/1954,3557.90,314.97,Dwight D. Eisenhower,Republican
12/1/1954,3733.73,332.20,Dwight D. Eisenhower,Republican
1/1/1955,3774.73,338.20,Dwight D. Eisenhower,Republican
2/1/1955,3802.80,339.41,Dwight D. Eisenhower,Republican
3/1/1955,3782.76,337.74,Dwight D. Eisenhower,Republican
4/1/1955,3930.03,350.48,Dwight D. Eisenhower,Republican
5/1/1955,3922.73,350.02,Dwight D. Eisenhower,Republican
6/1/1955,4167.59,378.83,Dwight D. Eisenhower,Republican
7/1/1955,4285.35,400.34,Dwight D. Eisenhower,Republican
8/1/1955,4306.79,397.21,Dwight D. Eisenhower,Republican
9/1/1955,4276.11,400.19,Dwight D. Eisenhower,Republican
10/1/1955,4168.43,388.00,Dwight D. Eisenhower,Republican
11/1/1955,4428.59,417.05,Dwight D. Eisenhower,Republican
12/1/1955,4492.79,418.37,Dwight D. Eisenhower,Republican
1/1/1956,4330.34,403.10,Dwight D. Eisenhower,Republican
2/1/1956,4449.10,417.08,Dwight D. Eisenhower,Republican
3/1/1956,4707.96,445.97,Dwight D. Eisenhower,Republican
4/1/1956,4729.72,443.35,Dwight D. Eisenhower,Republican
5/1/1956,4365.07,412.72,Dwight D. Eisenhower,Republican
6/1/1956,4466.07,425.69,Dwight D. Eisenhower,Republican
7/1/1956,4658.74,444.36,Dwight D. Eisenhower,Republican
8/1/1956,4533.42,429.02,Dwight D. Eisenhower,Republican
9/1/1956,4275.82,408.01,Dwight D. Eisenhower,Republican
10/1/1956,4301.86,408.62,Dwight D. Eisenhower,Republican
11/1/1956,4238.47,404.14,Dwight D. Eisenhower,Republican
12/1/1956,4461.27,416.86,Dwight D. Eisenhower,Republican
1/1/1957,4279.86,399.44,Dwight D. Eisenhower,Republican
2/1/1957,4135.12,385.01,Dwight D. Eisenhower,Republican
3/1/1957,4210.62,391.17,Dwight D. Eisenhower,Republican
4/1/1957,4368.16,404.16,Dwight D. Eisenhower,Republican
5/1/1957,4445.40,417.57,Dwight D. Eisenhower,Republican
6/1/1957,4415.36,415.58,Dwight D. Eisenhower,Republican
7/1/1957,4429.72,417.34,Dwight D. Eisenhower,Republican
8/1/1957,4219.17,393.91,Dwight D. Eisenhower,Republican
9/1/1957,3974.83,369.52,Dwight D. Eisenhower,Republican
10/1/1957,3841.90,357.67,Dwight D. Eisenhower,Republican
11/1/1957,3904.87,362.13,Dwight D. Eisenhower,Republican
12/1/1957,3781.79,347.11,Dwight D. Eisenhower,Republican
1/1/1958,3879.17,359.45,Dwight D. Eisenhower,Republican
2/1/1958,3792.11,352.04,Dwight D. Eisenhower,Republican
3/1/1958,3824.27,360.38,Dwight D. Eisenhower,Republican
4/1/1958,3888.49,370.54,Dwight D. Eisenhower,Republican
5/1/1958,3946.83,376.09,Dwight D. Eisenhower,Republican
6/1/1958,4078.88,385.90,Dwight D. Eisenhower,Republican
7/1/1958,4275.92,401.16,Dwight D. Eisenhower,Republican
8/1/1958,4338.61,407.31,Dwight D. Eisenhower,Republican
9/1/1958,4538.73,427.01,Dwight D. Eisenhower,Republican
10/1/1958,4633.67,437.84,Dwight D. Eisenhower,Republican
11/1/1958,4738.97,446.13,Dwight D. Eisenhower,Republican
12/1/1958,4978.53,470.94,Dwight D. Eisenhower,Republican
1/1/1959,5049.25,471.38,Dwight D. Eisenhower,Republican
2/1/1959,5147.86,472.65,Dwight D. Eisenhower,Republican
3/1/1959,5132.59,472.90,Dwight D. Eisenhower,Republican
4/1/1959,5302.50,489.57,Dwight D. Eisenhower,Republican
5/1/1959,5472.86,498.84,Dwight D. Eisenhower,Republican
6/1/1959,5452.58,495.36,Dwight D. Eisenhower,Republican
7/1/1959,5698.01,510.89,Dwight D. Eisenhower,Republican
8/1/1959,5609.61,503.20,Dwight D. Eisenhower,Republican
9/1/1959,5314.96,478.59,Dwight D. Eisenhower,Republican
10/1/1959,5421.74,482.31,Dwight D. Eisenhower,Republican
11/1/1959,5527.22,488.68,Dwight D. Eisenhower,Republican
12/1/1959,5696.43,502.18,Dwight D. Eisenhower,Republican
1/1/1960,5238.72,467.90,Dwight D. Eisenhower,Republican
2/1/1960,5283.56,470.57,Dwight D. Eisenhower,Republican
3/1/1960,5170.11,464.03,Dwight D. Eisenhower,Republican
4/1/1960,5028.41,454.37,Dwight D. Eisenhower,Republican
5/1/1960,5227.30,466.57,Dwight D. Eisenhower,Republican
6/1/1960,5335.72,474.09,Dwight D. Eisenhower,Republican
7/1/1960,5136.74,462.34,Dwight D. Eisenhower,Republican
8/1/1960,5213.87,474.42,Dwight D. Eisenhower,Republican
9/1/1960,4831.99,445.77,Dwight D. Eisenhower,Republican
10/1/1960,4801.32,441.70,Dwight D. Eisenhower,Republican
11/1/1960,4940.80,459.48,Dwight D. Eisenhower,Republican
12/1/1960,5095.26,480.74,Dwight D. Eisenhower,Republican
1/1/1961,5362.56,511.11,John F. Kennedy,Democratic
2/1/1961,5477.39,524.84,John F. Kennedy,Democratic
3/1/1961,5597.76,538.24,John F. Kennedy,Democratic
4/1/1961,5614.97,540.31,John F. Kennedy,Democratic
5/1/1961,5763.96,550.65,John F. Kennedy,Democratic
6/1/1961,5658.40,534.77,John F. Kennedy,Democratic
7/1/1961,5796.03,548.57,John F. Kennedy,Democratic
8/1/1961,5935.91,561.24,John F. Kennedy,Democratic
9/1/1961,5761.84,548.32,John F. Kennedy,Democratic
10/1/1961,5784.11,563.85,John F. Kennedy,Democratic
11/1/1961,5929.39,586.04,John F. Kennedy,Democratic
12/1/1961,6007.78,587.93,John F. Kennedy,Democratic
1/1/1962,5751.90,565.66,John F. Kennedy,Democratic
2/1/1962,5798.93,572.97,John F. Kennedy,Democratic
3/1/1962,5789.92,569.61,John F. Kennedy,Democratic
4/1/1962,5431.09,532.55,John F. Kennedy,Democratic
5/1/1962,5006.86,486.76,John F. Kennedy,Democratic
6/1/1962,4581.73,446.92,John F. Kennedy,Democratic
7/1/1962,4864.76,473.76,John F. Kennedy,Democratic
8/1/1962,4956.29,481.00,John F. Kennedy,Democratic
9/1/1962,4694.95,456.29,John F. Kennedy,Democratic
10/1/1962,4782.44,458.32,John F. Kennedy,Democratic
11/1/1962,5265.17,504.87,John F. Kennedy,Democratic
12/1/1962,5287.88,511.68,John F. Kennedy,Democratic
1/1/1963,5537.23,536.82,Lyndon B. Johnson,Democratic
2/1/1963,5375.78,521.33,Lyndon B. Johnson,Democratic
3/1/1963,5516.81,538.09,Lyndon B. Johnson,Democratic
4/1/1963,5801.17,564.19,Lyndon B. Johnson,Democratic
5/1/1963,5876.02,572.28,Lyndon B. Johnson,Democratic
6/1/1963,5694.63,558.84,Lyndon B. Johnson,Democratic
7/1/1963,5584.30,555.11,Lyndon B. Johnson,Democratic
8/1/1963,5856.44,582.18,Lyndon B. Johnson,Democratic
9/1/1963,5884.30,575.75,Lyndon B. Johnson,Democratic
10/1/1963,6044.86,592.38,Lyndon B. Johnson,Democratic
11/1/1963,6007.16,586.13,Lyndon B. Johnson,Democratic
12/1/1963,6086.82,598.51,Lyndon B. Johnson,Democratic
1/1/1964,6265.44,614.63,Lyndon B. Johnson,Democratic
2/1/1964,6383.52,620.69,Lyndon B. Johnson,Democratic
3/1/1964,6488.43,630.10,Lyndon B. Johnson,Democratic
4/1/1964,6468.32,633.93,Lyndon B. Johnson,Democratic
5/1/1964,6546.43,641.19,Lyndon B. Johnson,Democratic
6/1/1964,6612.09,649.60,Lyndon B. Johnson,Democratic
7/1/1964,6667.40,659.37,Lyndon B. Johnson,Democratic
8/1/1964,6667.59,650.71,Lyndon B. Johnson,Democratic
9/1/1964,6939.06,667.29,Lyndon B. Johnson,Democratic
10/1/1964,6920.91,672.69,Lyndon B. Johnson,Democratic
11/1/1964,6916.77,667.00,Lyndon B. Johnson,Democratic
12/1/1964,6906.50,669.61,Lyndon B. Johnson,Democratic
1/1/1965,7133.50,691.81,Lyndon B. Johnson,Democratic
2/1/1965,7138.40,690.78,Lyndon B. Johnson,Democratic
3/1/1965,7002.16,678.60,Lyndon B. Johnson,Democratic
4/1/1965,7241.06,699.60,Lyndon B. Johnson,Democratic
5/1/1965,7207.53,694.19,Lyndon B. Johnson,Democratic
6/1/1965,6771.50,656.22,Lyndon B. Johnson,Democratic
7/1/1965,6878.45,665.04,Lyndon B. Johnson,Democratic
8/1/1965,6967.07,680.01,Lyndon B. Johnson,Democratic
9/1/1965,7259.45,701.78,Lyndon B. Johnson,Democratic
10/1/1965,7472.30,718.75,Lyndon B. Johnson,Democratic
11/1/1965,7362.56,712.45,Lyndon B. Johnson,Democratic
12/1/1965,7513.70,716.52,Lyndon B. Johnson,Democratic
1/1/1966,7624.17,720.01,Lyndon B. Johnson,Democratic
2/1/1966,7333.36,702.76,Lyndon B. Johnson,Democratic
3/1/1966,7102.23,685.29,Lyndon B. Johnson,Democratic
4/1/1966,7125.85,694.97,Lyndon B. Johnson,Democratic
5/1/1966,6747.22,657.34,Lyndon B. Johnson,Democratic
6/1/1966,6620.59,644.79,Lyndon B. Johnson,Democratic
7/1/1966,6427.38,634.11,Lyndon B. Johnson,Democratic
8/1/1966,5943.82,581.26,Lyndon B. Johnson,Democratic
9/1/1966,5836.84,577.19,Lyndon B. Johnson,Democratic
10/1/1966,6047.38,600.94,Lyndon B. Johnson,Democratic
11/1/1966,5931.38,602.81,Lyndon B. Johnson,Democratic
12/1/1966,5887.18,601.91,Lyndon B. Johnson,Democratic
1/1/1967,6368.23,648.97,Lyndon B. Johnson,Democratic
2/1/1967,6289.40,650.24,Lyndon B. Johnson,Democratic
3/1/1967,6468.87,673.79,Lyndon B. Johnson,Democratic
4/1/1967,6681.23,700.19,Lyndon B. Johnson,Democratic
5/1/1967,6330.26,661.42,Lyndon B. Johnson,Democratic
6/1/1967,6368.50,671.01,Lyndon B. Johnson,Democratic
7/1/1967,6674.20,699.35,Lyndon B. Johnson,Democratic
8/1/1967,6632.59,689.10,Lyndon B. Johnson,Democratic
9/1/1967,6798.90,709.56,Lyndon B. Johnson,Democratic
10/1/1967,6435.30,682.49,Lyndon B. Johnson,Democratic
11/1/1967,6388.16,685.64,Lyndon B. Johnson,Democratic
12/1/1967,6581.96,701.53,Lyndon B. Johnson,Democratic
1/1/1968,6184.19,666.80,Lyndon B. Johnson,Democratic
2/1/1968,6058.32,644.11,Lyndon B. Johnson,Democratic
3/1/1968,6041.90,648.27,Lyndon B. Johnson,Democratic
4/1/1968,6536.97,698.40,Lyndon B. Johnson,Democratic
5/1/1968,6424.25,705.17,Lyndon B. Johnson,Democratic
6/1/1968,6377.97,707.42,Lyndon B. Johnson,Democratic
7/1/1968,6237.51,690.44,Lyndon B. Johnson,Democratic
8/1/1968,6311.49,696.37,Lyndon B. Johnson,Democratic
9/1/1968,6572.05,721.05,Lyndon B. Johnson,Democratic
10/1/1968,6651.49,722.22,Lyndon B. Johnson,Democratic
11/1/1968,6860.10,754.69,Lyndon B. Johnson,Democratic
12/1/1968,6553.40,721.20,Lyndon B. Johnson,Democratic
1/1/1969,6551.40,713.34,Richard Nixon,Republican
2/1/1969,6233.28,675.72,Richard Nixon,Republican
3/1/1969,6388.39,693.21,Richard Nixon,Republican
4/1/1969,6452.67,704.16,Richard Nixon,Republican
5/1/1969,6350.09,700.73,Richard Nixon,Republican
6/1/1969,5881.81,658.17,Richard Nixon,Republican
7/1/1969,5462.83,615.17,Richard Nixon,Republican
8/1/1969,5575.07,636.38,Richard Nixon,Republican
9/1/1969,5402.98,618.78,Richard Nixon,Republican
10/1/1969,5657.24,641.87,Richard Nixon,Republican
11/1/1969,5340.06,616.71,Richard Nixon,Republican
12/1/1969,5233.55,601.98,Richard Nixon,Republican
1/1/1970,4852.76,554.50,Richard Nixon,Republican
2/1/1970,5044.23,580.59,Richard Nixon,Republican
3/1/1970,5070.07,578.47,Richard Nixon,Republican
4/1/1970,4713.06,521.97,Richard Nixon,Republican
5/1/1970,4473.71,488.92,Richard Nixon,Republican
6/1/1970,4343.15,462.06,Richard Nixon,Republican
7/1/1970,4640.37,493.35,Richard Nixon,Republican
8/1/1970,4832.91,515.29,Richard Nixon,Republican
9/1/1970,4783.92,530.16,Richard Nixon,Republican
10/1/1970,4727.85,520.90,Richard Nixon,Republican
11/1/1970,4943.21,542.82,Richard Nixon,Republican
12/1/1970,5196.27,570.78,Richard Nixon,Republican
1/1/1971,5379.49,593.88,Richard Nixon,Republican
2/1/1971,5430.29,597.82,Richard Nixon,Republican
3/1/1971,5573.63,618.21,Richard Nixon,Republican
4/1/1971,5789.88,639.08,Richard Nixon,Republican
5/1/1971,5553.07,609.44,Richard Nixon,Republican
6/1/1971,5411.00,599.31,Richard Nixon,Republican
7/1/1971,5199.51,578.93,Richard Nixon,Republican
8/1/1971,5426.14,598.34,Richard Nixon,Republican
9/1/1971,5360.40,594.17,Richard Nixon,Republican
10/1/1971,5056.65,567.92,Richard Nixon,Republican
11/1/1971,5010.49,566.48,Richard Nixon,Republican
12/1/1971,5339.42,612.34,Richard Nixon,Republican
1/1/1972,5411.22,623.43,Richard Nixon,Republican
2/1/1972,5540.01,636.12,Richard Nixon,Republican
3/1/1972,5601.87,638.38,Richard Nixon,Republican
4/1/1972,5667.77,639.56,Richard Nixon,Republican
5/1/1972,5693.23,649.07,Richard Nixon,Republican
6/1/1972,5492.43,633.41,Richard Nixon,Republican
7/1/1972,5441.17,631.88,Richard Nixon,Republican
8/1/1972,5657.10,652.10,Richard Nixon,Republican
9/1/1972,5582.35,647.38,Richard Nixon,Republican
10/1/1972,5568.77,650.29,Richard Nixon,Republican
11/1/1972,5919.87,678.32,Richard Nixon,Republican
12/1/1972,5917.14,684.81,Richard Nixon,Republican
1/1/1973,5781.33,671.47,Richard Nixon,Republican
2/1/1973,5487.83,641.71,Richard Nixon,Republican
3/1/1973,5414.10,634.88,Richard Nixon,Republican
4/1/1973,5209.77,604.81,Richard Nixon,Republican
5/1/1973,5062.32,589.40,Richard Nixon,Republican
6/1/1973,4973.07,581.46,Richard Nixon,Republican
7/1/1973,5155.42,602.24,Richard Nixon,Republican
8/1/1973,4851.46,569.83,Richard Nixon,Republican
9/1/1973,5165.48,591.38,Richard Nixon,Republican
10/1/1973,5171.27,585.42,Richard Nixon,Republican
11/1/1973,4416.30,515.40,Richard Nixon,Republican
12/1/1973,4540.19,520.53,Richard Nixon,Republican
1/1/1974,4525.86,510.86,Gerald Ford,Republican
2/1/1974,4494.55,502.56,Gerald Ford,Republican
3/1/1974,4366.33,484.65,Gerald Ford,Republican
4/1/1974,4297.55,463.83,Gerald Ford,Republican
5/1/1974,4069.41,442.77,Gerald Ford,Republican
6/1/1974,4036.92,432.67,Gerald Ford,Republican
7/1/1974,3779.58,395.76,Gerald Ford,Republican
8/1/1974,3345.40,355.70,Gerald Ford,Republican
9/1/1974,2961.54,309.57,Gerald Ford,Republican
10/1/1974,3210.47,356.49,Gerald Ford,Republican
11/1/1974,2961.53,334.95,Gerald Ford,Republican
12/1/1974,2927.14,325.66,Gerald Ford,Republican
1/1/1975,3329.86,364.27,Gerald Ford,Republican
2/1/1975,3470.58,383.15,Gerald Ford,Republican
3/1/1975,3593.41,389.96,Gerald Ford,Republican
4/1/1975,3827.44,406.82,Gerald Ford,Republican
5/1/1975,3856.83,422.39,Gerald Ford,Republican
6/1/1975,4042.48,437.78,Gerald Ford,Republican
7/1/1975,3781.71,403.64,Gerald Ford,Republican
8/1/1975,3792.44,394.44,Gerald Ford,Republican
9/1/1975,3584.37,378.67,Gerald Ford,Republican
10/1/1975,3753.82,399.79,Gerald Ford,Republican
11/1/1975,3836.87,406.75,Gerald Ford,Republican
12/1/1975,3786.41,400.62,Gerald Ford,Republican
1/1/1976,4324.39,447.21,Gerald Ford,Republican
2/1/1976,4296.99,440.52,Gerald Ford,Republican
3/1/1976,4407.57,453.22,Gerald Ford,Republican
4/1/1976,4380.16,446.61,Gerald Ford,Republican
5/1/1976,4254.93,437.09,Gerald Ford,Republican
6/1/1976,4352.07,452.58,Gerald Ford,Republican
7/1/1976,4250.69,446.55,Gerald Ford,Republican
8/1/1976,4182.21,442.00,Gerald Ford,Republican
9/1/1976,4238.01,450.43,Gerald Ford,Republican
10/1/1976,4108.67,438.15,Gerald Ford,Republican
11/1/1976,4025.69,433.93,Gerald Ford,Republican
12/1/1976,4255.70,455.20,Gerald Ford,Republican
1/1/1977,4021.72,429.95,Jimmy Carter,Democratic
2/1/1977,3905.81,416.35,Jimmy Carter,Democratic
3/1/1977,3807.96,407.75,Jimmy Carter,Democratic
4/1/1977,3808.63,404.49,Jimmy Carter,Democratic
5/1/1977,3673.72,392.94,Jimmy Carter,Democratic
6/1/1977,3721.09,408.05,Jimmy Carter,Democratic
7/1/1977,3596.77,399.45,Jimmy Carter,Democratic
8/1/1977,3470.08,389.79,Jimmy Carter,Democratic
9/1/1977,3401.15,387.57,Jimmy Carter,Democratic
10/1/1977,3275.04,369.54,Jimmy Carter,Democratic
11/1/1977,3304.70,377.71,Jimmy Carter,Democratic
12/1/1977,3299.74,377.55,Jimmy Carter,Democratic
1/1/1978,3036.56,352.00,Jimmy Carter,Democratic
2/1/1978,2908.37,341.11,Jimmy Carter,Democratic
3/1/1978,2944.62,346.85,Jimmy Carter,Democratic
4/1/1978,3230.38,373.57,Jimmy Carter,Democratic
5/1/1978,3212.81,371.65,Jimmy Carter,Democratic
6/1/1978,3096.45,361.20,Jimmy Carter,Democratic
7/1/1978,3235.24,377.75,Jimmy Carter,Democratic
8/1/1978,3274.92,385.79,Jimmy Carter,Democratic
9/1/1978,3209.59,380.12,Jimmy Carter,Democratic
10/1/1978,2911.46,342.23,Jimmy Carter,Democratic
11/1/1978,2922.85,346.41,Jimmy Carter,Democratic
12/1/1978,2931.04,349.94,Jimmy Carter,Democratic
1/1/1979,3028.74,360.65,Jimmy Carter,Democratic
2/1/1979,2885.87,343.53,Jimmy Carter,Democratic
3/1/1979,3045.22,358.82,Jimmy Carter,Democratic
4/1/1979,2985.31,355.35,Jimmy Carter,Democratic
5/1/1979,2835.39,341.63,Jimmy Carter,Democratic
6/1/1979,2871.15,350.92,Jimmy Carter,Democratic
7/1/1979,2854.13,350.05,Jimmy Carter,Democratic
8/1/1979,2964.68,365.13,Jimmy Carter,Democratic
9/1/1979,2903.71,361.30,Jimmy Carter,Democratic
10/1/1979,2673.86,333.77,Jimmy Carter,Democratic
11/1/1979,2670.99,344.81,Jimmy Carter,Democratic
12/1/1979,2695.71,346.92,Jimmy Carter,Democratic
1/1/1980,2775.57,361.77,Jimmy Carter,Democratic
2/1/1980,2697.31,355.19,Jimmy Carter,Democratic
3/1/1980,2418.54,314.23,Jimmy Carter,Democratic
4/1/1980,2487.13,323.55,Jimmy Carter,Democratic
5/1/1980,2564.46,335.28,Jimmy Carter,Democratic
6/1/1980,2587.27,340.55,Jimmy Carter,Democratic
7/1/1980,2788.19,362.70,Jimmy Carter,Democratic
8/1/1980,2759.53,362.12,Jimmy Carter,Democratic
9/1/1980,2736.65,368.23,Jimmy Carter,Democratic
10/1/1980,2687.49,370.56,Jimmy Carter,Democratic
11/1/1980,2863.80,405.12,Jimmy Carter,Democratic
12/1/1980,2754.12,387.87,Jimmy Carter,Democratic
1/1/1981,2684.56,367.14,Ronald Reagan,Republican
2/1/1981,2733.70,368.21,Ronald Reagan,Republican
3/1/1981,2796.78,378.90,Ronald Reagan,Republican
4/1/1981,2760.77,367.49,Ronald Reagan,Republican
5/1/1981,2722.35,363.96,Ronald Reagan,Republican
6/1/1981,2658.09,357.02,Ronald Reagan,Republican
7/1/1981,2562.75,352.31,Ronald Reagan,Republican
8/1/1981,2354.41,327.97,Ronald Reagan,Republican
9/1/1981,2248.20,307.30,Ronald Reagan,Republican
10/1/1981,2249.88,321.67,Ronald Reagan,Republican
11/1/1981,2338.91,332.43,Ronald Reagan,Republican
12/1/1981,2295.13,321.45,Ronald Reagan,Republican
1/1/1982,2277.06,314.73,Ronald Reagan,Republican
2/1/1982,2148.36,294.76,Ronald Reagan,Republican
3/1/1982,2146.61,292.10,Ronald Reagan,Republican
4/1/1982,2204.04,302.51,Ronald Reagan,Republican
5/1/1982,2108.68,287.87,Ronald Reagan,Republican
6/1/1982,2063.11,278.52,Ronald Reagan,Republican
7/1/1982,2044.14,270.72,Ronald Reagan,Republican
8/1/1982,2274.01,301.52,Ronald Reagan,Republican
9/1/1982,2256.76,303.22,Ronald Reagan,Republican
10/1/1982,2489.22,335.64,Ronald Reagan,Republican
11/1/1982,2614.83,348.54,Ronald Reagan,Republican
12/1/1982,2643.56,355.26,Ronald Reagan,Republican
1/1/1983,2711.84,366.30,Ronald Reagan,Republican
2/1/1983,2801.58,372.82,Ronald Reagan,Republican
3/1/1983,2845.42,385.15,Ronald Reagan,Republican
4/1/1983,3065.50,411.08,Ronald Reagan,Republican
5/1/1983,2981.95,403.54,Ronald Reagan,Republican
6/1/1983,3028.02,415.41,Ronald Reagan,Republican
7/1/1983,2959.67,401.20,Ronald Reagan,Republican
8/1/1983,2991.75,404.42,Ronald Reagan,Republican
9/1/1983,3018.70,406.54,Ronald Reagan,Republican
10/1/1983,2990.71,399.23,Ronald Reagan,Republican
11/1/1983,3108.38,405.35,Ronald Reagan,Republican
12/1/1983,3063.53,401.44,Ronald Reagan,Republican
1/1/1984,2952.58,395.29,Ronald Reagan,Republican
2/1/1984,2779.19,378.04,Ronald Reagan,Republican
3/1/1984,2799.23,382.51,Ronald Reagan,Republican
4/1/1984,2799.26,382.68,Ronald Reagan,Republican
5/1/1984,2633.96,358.91,Ronald Reagan,Republican
6/1/1984,2691.71,364.11,Ronald Reagan,Republican
7/1/1984,2640.98,356.76,Ronald Reagan,Republican
8/1/1984,2888.31,393.20,Ronald Reagan,Republican
9/1/1984,2833.36,390.00,Ronald Reagan,Republican
10/1/1984,2826.48,388.82,Ronald Reagan,Republican
11/1/1984,2783.31,382.94,Ronald Reagan,Republican
12/1/1984,2836.29,391.51,Ronald Reagan,Republican
1/1/1985,3007.18,419.80,Ronald Reagan,Republican
2/1/1985,2986.61,421.42,Ronald Reagan,Republican
3/1/1985,2935.13,418.59,Ronald Reagan,Republican
4/1/1985,2901.09,414.69,Ronald Reagan,Republican
5/1/1985,3022.81,435.59,Ronald Reagan,Republican
6/1/1985,3059.54,439.53,Ronald Reagan,Republican
7/1/1985,3081.62,436.63,Ronald Reagan,Republican
8/1/1985,3045.54,430.64,Ronald Reagan,Republican
9/1/1985,3023.96,414.41,Ronald Reagan,Republican
10/1/1985,3116.94,430.51,Ronald Reagan,Republican
11/1/1985,3329.96,457.31,Ronald Reagan,Republican
12/1/1985,3487.74,476.44,Ronald Reagan,Republican
1/1/1986,3533.16,476.29,Ronald Reagan,Republican
2/1/1986,3853.93,511.70,Ronald Reagan,Republican
3/1/1986,4120.97,541.35,Ronald Reagan,Republican
4/1/1986,4049.63,534.63,Ronald Reagan,Republican
5/1/1986,4248.87,560.00,Ronald Reagan,Republican
6/1/1986,4260.51,564.64,Ronald Reagan,Republican
7/1/1986,3996.22,531.51,Ronald Reagan,Republican
8/1/1986,4265.57,568.33,Ronald Reagan,Republican
9/1/1986,3954.08,517.46,Ronald Reagan,Republican
10/1/1986,4196.68,545.30,Ronald Reagan,Republican
11/1/1986,4274.48,556.51,Ronald Reagan,Republican
12/1/1986,4229.86,540.28,Ronald Reagan,Republican
1/1/1987,4784.37,607.64,Ronald Reagan,Republican
2/1/1987,4912.79,627.80,Ronald Reagan,Republican
3/1/1987,5068.01,641.45,Ronald Reagan,Republican
4/1/1987,5000.27,630.64,Ronald Reagan,Republican
5/1/1987,4995.62,632.42,Ronald Reagan,Republican
6/1/1987,5253.05,660.29,Ronald Reagan,Republican
7/1/1987,5571.10,690.22,Ronald Reagan,Republican
8/1/1987,5738.66,710.72,Ronald Reagan,Republican
9/1/1987,5566.42,690.00,Ronald Reagan,Republican
10/1/1987,4262.17,538.33,Ronald Reagan,Republican
11/1/1987,3916.46,491.92,Ronald Reagan,Republican
12/1/1987,4141.34,527.76,Ronald Reagan,Republican
1/1/1988,4172.97,547.82,Ronald Reagan,Republican
2/1/1988,4402.19,569.12,Ronald Reagan,Republican
3/1/1988,4206.73,547.81,Ronald Reagan,Republican
4/1/1988,4278.05,550.10,Ronald Reagan,Republican
5/1/1988,4261.29,550.01,Ronald Reagan,Republican
6/1/1988,4474.03,571.34,Ronald Reagan,Republican
7/1/1988,4427.76,565.80,Ronald Reagan,Republican
8/1/1988,4209.58,541.87,Ronald Reagan,Republican
9/1/1988,4348.37,559.59,Ronald Reagan,Republican
10/1/1988,4406.88,572.17,Ronald Reagan,Republican
11/1/1988,4332.63,560.81,Ronald Reagan,Republican
12/1/1988,4436.89,568.22,Ronald Reagan,Republican
1/1/1989,4768.96,605.65,George H. W. Bush,Republican
2/1/1989,4577.76,585.52,George H. W. Bush,Republican
3/1/1989,4623.94,594.46,George H. W. Bush,Republican
4/1/1989,4844.86,620.21,George H. W. Bush,Republican
5/1/1989,4937.98,638.16,George H. W. Bush,Republican
6/1/1989,4845.96,631.51,George H. W. Bush,Republican
7/1/1989,5273.43,685.93,George H. W. Bush,Republican
8/1/1989,5417.06,695.52,George H. W. Bush,Republican
9/1/1989,5310.24,688.52,George H. W. Bush,Republican
10/1/1989,5192.29,668.13,George H. W. Bush,Republican
11/1/1989,5298.88,677.45,George H. W. Bush,Republican
12/1/1989,5382.51,690.90,George H. W. Bush,Republican
1/1/1990,5012.69,636.77,George H. W. Bush,Republican
2/1/1990,5060.08,639.22,George H. W. Bush,Republican
3/1/1990,5184.31,650.99,George H. W. Bush,Republican
4/1/1990,5082.38,632.82,George H. W. Bush,Republican
5/1/1990,5488.67,689.23,George H. W. Bush,Republican
6/1/1990,5467.55,679.52,George H. W. Bush,Republican
7/1/1990,5493.73,673.48,George H. W. Bush,Republican
8/1/1990,4896.70,604.15,George H. W. Bush,Republican
9/1/1990,4556.71,568.64,George H. W. Bush,Republican
10/1/1990,4510.98,561.49,George H. W. Bush,Republican
11/1/1990,4714.88,593.53,George H. W. Bush,Republican
12/1/1990,4851.20,608.27,George H. W. Bush,Republican
1/1/1991,5013.07,630.08,George H. W. Bush,Republican
2/1/1991,5271.51,671.37,George H. W. Bush,Republican
3/1/1991,5320.71,685.15,George H. W. Bush,Republican
4/1/1991,5264.59,684.24,George H. W. Bush,Republican
5/1/1991,5504.00,708.71,George H. W. Bush,Republican
6/1/1991,5269.94,672.91,George H. W. Bush,Republican
7/1/1991,5474.92,701.94,George H. W. Bush,Republican
8/1/1991,5493.70,713.75,George H. W. Bush,Republican
9/1/1991,5421.14,696.98,George H. W. Bush,Republican
10/1/1991,5505.97,704.06,George H. W. Bush,Republican
11/1/1991,5178.58,671.27,George H. W. Bush,Republican
12/1/1991,5665.87,745.76,George H. W. Bush,Republican
1/1/1992,5753.77,729.67,George H. W. Bush,Republican
2/1/1992,5813.24,734.19,George H. W. Bush,Republican
3/1/1992,5726.84,714.53,George H. W. Bush,Republican
4/1/1992,5935.53,733.22,George H. W. Bush,Republican
5/1/1992,5995.53,733.09,George H. W. Bush,Republican
6/1/1992,5833.92,717.51,George H. W. Bush,Republican
7/1/1992,5956.12,744.49,George H. W. Bush,Republican
8/1/1992,5700.45,724.55,George H. W. Bush,Republican
9/1/1992,5709.12,729.06,George H. W. Bush,Republican
10/1/1992,5610.54,728.08,George H. W. Bush,Republican
11/1/1992,5737.83,748.82,George H. W. Bush,Republican
12/1/1992,5734.03,756.83,George H. W. Bush,Republican
1/1/1993,5722.99,758.65,Bill Clinton,Democratic
2/1/1993,5807.91,763.94,Bill Clinton,Democratic
3/1/1993,5898.08,775.52,Bill Clinton,Democratic
4/1/1993,5867.97,753.61,Bill Clinton,Democratic
5/1/1993,6031.91,769.82,Bill Clinton,Democratic
6/1/1993,6001.95,769.05,Bill Clinton,Democratic
7/1/1993,6041.88,764.96,Bill Clinton,Democratic
8/1/1993,6218.08,789.44,Bill Clinton,Democratic
9/1/1993,6040.15,779.72,Bill Clinton,Democratic
10/1/1993,6227.56,791.57,Bill Clinton,Democratic
11/1/1993,6229.56,780.89,Bill Clinton,Democratic
12/1/1993,6348.17,788.77,Bill Clinton,Democratic
1/1/1994,6707.51,811.99,Bill Clinton,Democratic
2/1/1994,6437.79,784.80,Bill Clinton,Democratic
3/1/1994,6090.23,746.66,Bill Clinton,Democratic
4/1/1994,6155.79,753.92,Bill Clinton,Democratic
5/1/1994,6280.24,762.81,Bill Clinton,Democratic
6/1/1994,6039.18,740.15,Bill Clinton,Democratic
7/1/1994,6252.83,761.17,Bill Clinton,Democratic
8/1/1994,6476.71,786.94,Bill Clinton,Democratic
9/1/1994,6341.26,763.47,Bill Clinton,Democratic
10/1/1994,6444.49,778.91,Bill Clinton,Democratic
11/1/1994,6158.51,747.23,Bill Clinton,Democratic
12/1/1994,6315.32,756.42,Bill Clinton,Democratic
1/1/1995,6303.93,771.49,Bill Clinton,Democratic
2/1/1995,6554.06,796.40,Bill Clinton,Democratic
3/1/1995,6768.72,815.16,Bill Clinton,Democratic
4/1/1995,7013.42,835.37,Bill Clinton,Democratic
5/1/1995,7233.53,864.11,Bill Clinton,Democratic
6/1/1995,7367.21,880.86,Bill Clinton,Democratic
7/1/1995,7613.60,908.85,Bill Clinton,Democratic
8/1/1995,7432.22,905.75,Bill Clinton,Democratic
9/1/1995,7705.63,940.32,Bill Clinton,Democratic
10/1/1995,7627.79,932.73,Bill Clinton,Democratic
11/1/1995,8144.56,971.62,Bill Clinton,Democratic
12/1/1995,8218.09,989.18,Bill Clinton,Democratic
1/1/1996,8616.29,1015.72,Bill Clinton,Democratic
2/1/1996,8733.11,1019.56,Bill Clinton,Democratic
3/1/1996,8844.44,1021.83,Bill Clinton,Democratic
4/1/1996,8782.44,1031.63,Bill Clinton,Democratic
5/1/1996,8882.37,1053.19,Bill Clinton,Democratic
6/1/1996,8894.73,1054.90,Bill Clinton,Democratic
7/1/1996,8680.39,1004.72,Bill Clinton,Democratic
8/1/1996,8800.60,1021.67,Bill Clinton,Democratic
9/1/1996,9187.95,1073.61,Bill Clinton,Democratic
10/1/1996,9387.74,1098.11,Bill Clinton,Democratic
11/1/1996,10134.72,1176.41,Bill Clinton,Democratic
12/1/1996,10020.61,1151.11,Bill Clinton,Democratic
1/1/1997,10553.48,1217.76,Bill Clinton,Democratic
2/1/1997,10626.11,1221.82,Bill Clinton,Democratic
3/1/1997,10145.14,1166.72,Bill Clinton,Democratic
4/1/1997,10786.85,1233.26,Bill Clinton,Democratic
5/1/1997,11289.74,1306.35,Bill Clinton,Democratic
6/1/1997,11800.77,1361.35,Bill Clinton,Democratic
7/1/1997,12629.91,1465.82,Bill Clinton,Democratic
8/1/1997,11685.14,1378.89,Bill Clinton,Democratic
9/1/1997,12148.36,1448.39,Bill Clinton,Democratic
10/1/1997,11356.64,1395.71,Bill Clinton,Democratic
11/1/1997,11938.05,1457.94,Bill Clinton,Democratic
12/1/1997,12083.88,1482.82,Bill Clinton,Democratic
1/1/1998,12065.32,1495.91,Bill Clinton,Democratic
2/1/1998,13015.13,1598.14,Bill Clinton,Democratic
3/1/1998,13375.71,1674.66,Bill Clinton,Democratic
4/1/1998,13749.13,1686.52,Bill Clinton,Democratic
5/1/1998,13474.52,1651.50,Bill Clinton,Democratic
6/1/1998,13535.45,1714.37,Bill Clinton,Democratic
7/1/1998,13422.65,1693.33,Bill Clinton,Democratic
8/1/1998,11376.46,1444.54,Bill Clinton,Democratic
9/1/1998,11818.83,1532.63,Bill Clinton,Democratic
10/1/1998,12913.93,1651.30,Bill Clinton,Democratic
11/1/1998,13702.17,1748.94,Bill Clinton,Democratic
12/1/1998,13808.87,1848.76,Bill Clinton,Democratic
1/1/1999,14038.25,1919.46,Bill Clinton,Democratic
2/1/1999,13950.56,1856.26,Bill Clinton,Democratic
3/1/1999,14620.52,1921.84,Bill Clinton,Democratic
4/1/1999,16000.15,1980.07,Bill Clinton,Democratic
5/1/1999,15660.09,1930.63,Bill Clinton,Democratic
6/1/1999,16269.70,2035.73,Bill Clinton,Democratic
7/1/1999,15758.97,1965.18,Bill Clinton,Democratic
8/1/1999,15973.19,1947.60,Bill Clinton,Democratic
9/1/1999,15174.64,1883.02,Bill Clinton,Democratic
10/1/1999,15729.97,1998.06,Bill Clinton,Democratic
11/1/1999,15935.99,2034.75,Bill Clinton,Democratic
12/1/1999,16843.28,2152.45,Bill Clinton,Democratic
1/1/2000,15973.17,2035.91,Bill Clinton,Democratic
2/1/2000,14706.31,1984.04,Bill Clinton,Democratic
3/1/2000,15727.56,2157.96,Bill Clinton,Democratic
4/1/2000,15446.10,2090.05,Bill Clinton,Democratic
5/1/2000,15120.59,2041.40,Bill Clinton,Democratic
6/1/2000,14940.48,2080.08,Bill Clinton,Democratic
7/1/2000,15014.87,2041.79,Bill Clinton,Democratic
8/1/2000,16003.95,2165.73,Bill Clinton,Democratic
9/1/2000,15113.66,2038.41,Bill Clinton,Democratic
10/1/2000,15546.11,2025.46,Bill Clinton,Democratic
11/1/2000,14746.92,1861.97,Bill Clinton,Democratic
12/1/2000,15286.58,1870.84,Bill Clinton,Democratic
1/1/2001,15329.40,1923.34,George W. Bush,Republican
2/1/2001,14714.38,1738.40,George W. Bush,Republican
3/1/2001,13820.41,1623.30,George W. Bush,Republican
4/1/2001,14964.55,1741.75,George W. Bush,Republican
5/1/2001,15134.86,1741.82,George W. Bush,Republican
6/1/2001,14545.82,1695.77,George W. Bush,Republican
7/1/2001,14616.18,1682.40,George W. Bush,Republican
8/1/2001,13820.20,1574.54,George W. Bush,Republican
9/1/2001,12236.18,1439.62,George W. Bush,Republican
10/1/2001,12587.22,1469.91,George W. Bush,Republican
11/1/2001,13693.67,1583.84,George W. Bush,Republican
12/1/2001,13980.09,1601.57,George W. Bush,Republican
1/1/2002,13808.64,1573.24,George W. Bush,Republican
2/1/2002,14017.20,1535.03,George W. Bush,Republican
3/1/2002,14347.03,1582.25,George W. Bush,Republican
4/1/2002,13636.27,1476.46,George W. Bush,Republican
5/1/2002,13607.52,1463.05,George W. Bush,Republican
6/1/2002,12663.27,1356.05,George W. Bush,Republican
7/1/2002,11960.39,1248.01,George W. Bush,Republican
8/1/2002,11817.01,1249.52,George W. Bush,Republican
9/1/2002,10340.21,1110.41,George W. Bush,Republican
10/1/2002,11419.96,1204.63,George W. Bush,Republican
11/1/2002,12098.68,1273.38,George W. Bush,Republican
12/1/2002,11369.64,1199.19,George W. Bush,Republican
1/1/2003,10929.02,1161.18,George W. Bush,Republican
2/1/2003,10621.39,1132.19,George W. Bush,Republican
3/1/2003,10693.47,1134.86,George W. Bush,Republican
4/1/2003,11371.80,1229.59,George W. Bush,Republican
5/1/2003,11885.90,1294.10,George W. Bush,Republican
6/1/2003,12058.46,1307.78,George W. Bush,Republican
7/1/2003,12382.53,1328.01,George W. Bush,Republican
8/1/2003,12570.12,1345.69,George W. Bush,Republican
9/1/2003,12345.10,1325.64,George W. Bush,Republican
10/1/2003,13064.89,1400.60,George W. Bush,Republican
11/1/2003,13069.37,1413.76,George W. Bush,Republican
12/1/2003,13987.34,1487.75,George W. Bush,Republican
1/1/2004,13959.62,1505.53,George W. Bush,Republican
2/1/2004,14013.11,1515.90,George W. Bush,Republican
3/1/2004,13620.38,1480.97,George W. Bush,Republican
4/1/2004,13405.72,1451.67,George W. Bush,Republican
5/1/2004,13285.74,1461.37,George W. Bush,Republican
6/1/2004,13566.12,1483.09,George W. Bush,Republican
7/1/2004,13201.90,1434.44,George W. Bush,Republican
8/1/2004,13236.27,1436.62,George W. Bush,Republican
9/1/2004,13084.19,1446.72,George W. Bush,Republican
10/1/2004,12945.46,1459.09,George W. Bush,Republican
11/1/2004,13462.57,1515.40,George W. Bush,Republican
12/1/2004,13964.00,1569.44,George W. Bush,Republican
1/1/2005,13563.49,1527.38,George W. Bush,Republican
2/1/2005,13834.61,1546.63,George W. Bush,Republican
3/1/2005,13392.29,1505.25,George W. Bush,Republican
4/1/2005,12913.91,1465.73,George W. Bush,Republican
5/1/2005,13272.76,1510.82,George W. Bush,Republican
6/1/2005,13018.39,1509.42,George W. Bush,Republican
7/1/2005,13428.83,1557.54,George W. Bush,Republican
8/1/2005,13154.41,1531.51,George W. Bush,Republican
9/1/2005,13105.19,1523.72,George W. Bush,Republican
10/1/2005,12924.81,1494.28,George W. Bush,Republican
11/1/2005,13485.73,1559.35,George W. Bush,Republican
12/1/2005,13429.03,1564.11,George W. Bush,Republican
1/1/2006,13505.02,1591.14,George W. Bush,Republican
2/1/2006,13642.82,1589.30,George W. Bush,Republican
3/1/2006,13708.90,1597.87,George W. Bush,Republican
4/1/2006,13902.01,1602.88,George W. Bush,Republican
5/1/2006,13591.83,1545.70,George W. Bush,Republican
6/1/2006,13547.52,1543.29,George W. Bush,Republican
7/1/2006,13545.86,1546.04,George W. Bush,Republican
8/1/2006,13759.81,1576.32,George W. Bush,Republican
9/1/2006,14190.07,1623.06,George W. Bush,Republican
10/1/2006,14762.65,1683.84,George W. Bush,Republican
11/1/2006,14947.42,1712.97,George W. Bush,Republican
12/1/2006,15229.97,1733.16,George W. Bush,Republican
1/1/2007,15373.22,1751.78,George W. Bush,Republican
2/1/2007,14857.31,1703.66,George W. Bush,Republican
3/1/2007,14825.22,1705.03,George W. Bush,Republican
4/1/2007,15584.05,1768.47,George W. Bush,Republican
5/1/2007,16162.38,1815.32,George W. Bush,Republican
6/1/2007,15862.40,1778.46,George W. Bush,Republican
7/1/2007,15643.00,1723.04,George W. Bush,Republican
8/1/2007,15842.28,1748.15,George W. Bush,Republican
9/1/2007,16424.63,1804.62,George W. Bush,Republican
10/1/2007,16437.41,1828.27,George W. Bush,Republican
11/1/2007,15685.03,1737.38,George W. Bush,Republican
12/1/2007,15572.90,1723.85,George W. Bush,Republican
1/1/2008,14775.62,1610.15,George W. Bush,Republican
2/1/2008,14290.34,1550.18,George W. Bush,Republican
3/1/2008,14163.64,1527.72,George W. Bush,Republican
4/1/2008,14717.51,1590.66,George W. Bush,Republican
5/1/2008,14382.41,1593.63,George W. Bush,Republican
6/1/2008,12791.46,1442.56,George W. Bush,Republican
7/1/2008,12754.76,1420.73,George W. Bush,Republican
8/1/2008,12986.96,1443.18,George W. Bush,Republican
9/1/2008,12228.69,1314.49,George W. Bush,Republican
10/1/2008,10611.86,1102.44,George W. Bush,Republican
11/1/2008,10250.52,1040.53,George W. Bush,Republican
12/1/2008,10294.71,1059.51,George W. Bush,Republican
1/1/2009,9345.00,964.63,Barack Obama,Democratic
2/1/2009,8207.12,854.17,Barack Obama,Democratic
3/1/2009,8818.74,924.73,Barack Obama,Democratic
4/1/2009,9442.35,1008.97,Barack Obama,Democratic
5/1/2009,9800.88,1059.77,Barack Obama,Democratic
6/1/2009,9654.92,1050.78,Barack Obama,Democratic
7/1/2009,10501.49,1130.66,Barack Obama,Democratic
8/1/2009,10844.75,1165.55,Barack Obama,Democratic
9/1/2009,11081.71,1206.13,Barack Obama,Democratic
10/1/2009,11072.51,1181.26,Barack Obama,Democratic
11/1/2009,11793.12,1249.02,Barack Obama,Democratic
12/1/2009,11908.83,1273.44,Barack Obama,Democratic
1/1/2010,11456.62,1222.06,Barack Obama,Democratic
2/1/2010,11739.82,1255.81,Barack Obama,Democratic
3/1/2010,12300.56,1324.96,Barack Obama,Democratic
4/1/2010,12450.74,1342.15,Barack Obama,Democratic
5/1/2010,11454.39,1231.03,Barack Obama,Democratic
6/1/2010,11054.42,1165.73,Barack Obama,Democratic
7/1/2010,11836.98,1245.91,Barack Obama,Democratic
8/1/2010,11306.62,1184.69,Barack Obama,Democratic
9/1/2010,12179.71,1288.41,Barack Obama,Democratic
10/1/2010,12530.54,1333.53,Barack Obama,Democratic
11/1/2010,12403.78,1330.48,Barack Obama,Democratic
12/1/2010,13024.70,1414.85,Barack Obama,Democratic
1/1/2011,13307.07,1439.17,Barack Obama,Democratic
2/1/2011,13620.14,1478.52,Barack Obama,Democratic
3/1/2011,13588.66,1462.39,Barack Obama,Democratic
4/1/2011,14040.35,1494.52,Barack Obama,Democratic
5/1/2011,13713.64,1467.61,Barack Obama,Democratic
6/1/2011,13556.46,1442.14,Barack Obama,Democratic
7/1/2011,13248.27,1409.88,Barack Obama,Democratic
8/1/2011,12635.52,1326.15,Barack Obama,Democratic
9/1/2011,11862.84,1229.85,Barack Obama,Democratic
10/1/2011,13019.01,1364.84,Barack Obama,Democratic
11/1/2011,13129.79,1359.19,Barack Obama,Democratic
12/1/2011,13341.58,1373.30,Barack Obama,Democratic
1/1/2012,13744.61,1427.90,Barack Obama,Democratic
2/1/2012,14027.09,1479.03,Barack Obama,Democratic
3/1/2012,14202.94,1514.11,Barack Obama,Democratic
4/1/2012,14151.80,1497.16,Barack Obama,Democratic
5/1/2012,13298.17,1405.98,Barack Obama,Democratic
6/1/2012,13833.22,1462.96,Barack Obama,Democratic
7/1/2012,13997.34,1484.15,Barack Obama,Democratic
8/1/2012,14007.20,1505.04,Barack Obama,Democratic
9/1/2012,14310.54,1534.31,Barack Obama,Democratic
10/1/2012,13960.83,1505.36,Barack Obama,Democratic
11/1/2012,13950.40,1516.73,Barack Obama,Democratic
12/1/2012,14073.85,1531.73,Barack Obama,Democratic
1/1/2013,14844.68,1604.48,Barack Obama,Democratic
2/1/2013,14925.87,1608.59,Barack Obama,Democratic
3/1/2013,15438.67,1661.77,Barack Obama,Democratic
4/1/2013,15730.19,1693.42,Barack Obama,Democratic
5/1/2013,15992.27,1725.32,Barack Obama,Democratic
6/1/2013,15744.54,1696.23,Barack Obama,Democratic
7/1/2013,16352.01,1778.45,Barack Obama,Democratic
8/1/2013,15610.07,1721.15,Barack Obama,Democratic
9/1/2013,15931.54,1770.67,Barack Obama,Democratic
10/1/2013,16416.31,1854.91,Barack Obama,Democratic
11/1/2013,17019.42,1910.55,Barack Obama,Democratic
12/1/2013,17538.11,1955.56,Barack Obama,Democratic
1/1/2014,16546.59,1878.85,Barack Obama,Democratic
2/1/2014,17137.80,1952.42,Barack Obama,Democratic
3/1/2014,17165.34,1952.85,Barack Obama,Democratic
4/1/2014,17244.07,1959.31,Barack Obama,Democratic
5/1/2014,17318.99,1992.82,Barack Obama,Democratic
6/1/2014,17398.70,2026.88,Barack Obama,Democratic
7/1/2014,17143.02,1998.24,Barack Obama,Democratic
8/1/2014,17713.99,2075.49,Barack Obama,Democratic
9/1/2014,17656.44,2043.29,Barack Obama,Democratic
10/1/2014,18051.36,2094.74,Barack Obama,Democratic
11/1/2014,18612.68,2158.53,Barack Obama,Democratic
12/1/2014,18714.22,2161.85,Barack Obama,Democratic
1/1/2015,18109.02,2104.71,Barack Obama,Democratic
2/1/2015,19039.34,2209.73,Barack Obama,Democratic
3/1/2015,18558.27,2158.88,Barack Obama,Democratic
4/1/2015,18589.82,2173.10,Barack Obama,Democratic
5/1/2015,18677.08,2185.36,Barack Obama,Democratic
6/1/2015,18200.95,2131.19,Barack Obama,Democratic
7/1/2015,18273.63,2173.27,Barack Obama,Democratic
8/1/2015,17089.98,2039.23,Barack Obama,Democratic
9/1/2015,16870.95,1989.15,Barack Obama,Democratic
10/1/2015,18317.09,2156.30,Barack Obama,Democratic
11/1/2015,18411.00,2161.55,Barack Obama,Democratic
12/1/2015,18156.88,2129.79,Barack Obama,Democratic
1/1/2016,17141.42,2019.79,Barack Obama,Democratic
2/1/2016,17177.16,2009.52,Barack Obama,Democratic
3/1/2016,18304.07,2131.83,Barack Obama,Democratic
4/1/2016,18306.85,2127.26,Barack Obama,Democratic
5/1/2016,18249.67,2151.48,Barack Obama,Democratic
6/1/2016,18342.38,2147.13,Barack Obama,Democratic
7/1/2016,18893.05,2227.94,Barack Obama,Democratic
8/1/2016,18842.50,2223.05,Barack Obama,Democratic
9/1/2016,18692.62,2213.80,Barack Obama,Democratic
10/1/2016,18505.27,2168.67,Barack Obama,Democratic
11/1/2016,19525.18,2244.99,Barack Obama,Democratic
12/1/2016,20177.61,2285.85,Barack Obama,Democratic
1/1/2017,20162.05,2313.05,Donald J. Trump,Republican
2/1/2017,21061.99,2392.00,Donald J. Trump,Republican
3/1/2017,20890.52,2388.71,Donald J. Trump,Republican
4/1/2017,21108.03,2403.27,Donald J. Trump,Republican
5/1/2017,21155.71,2428.68,Donald J. Trump,Republican
6/1/2017,21477.73,2437.95,Donald J. Trump,Republican
7/1/2017,22044.36,2487.59,Donald J. Trump,Republican
8/1/2017,22035.89,2481.54,Donald J. Trump,Republican
9/1/2017,22382.68,2516.84,Donald J. Trump,Republican
10/1/2017,23353.86,2572.68,Donald J. Trump,Republican
11/1/2017,24248.08,2644.93,Donald J. Trump,Republican
12/1/2017,24719.22,2673.61,Donald J. Trump,Republican
1/1/2018,26149.39,2823.81,Donald J. Trump,Republican
2/1/2018,25192.84,2709.20,Donald J. Trump,Republican
